{
    "0": {
        "precision": 0.9825750242013552,
        "recall": 0.9950980392156863,
        "f1-score": 0.9887968826108134,
        "support": 1020.0
    },
    "1": {
        "precision": 0.9824561403508771,
        "recall": 0.9395973154362416,
        "f1-score": 0.9605488850771869,
        "support": 298.0
    },
    "accuracy": 0.9825493171471927,
    "macro avg": {
        "precision": 0.9825155822761162,
        "recall": 0.9673476773259639,
        "f1-score": 0.9746728838440002,
        "support": 1318.0
    },
    "weighted avg": {
        "precision": 0.9825481445447221,
        "recall": 0.9825493171471927,
        "f1-score": 0.9824100060819662,
        "support": 1318.0
    }
}