{
    "0": {
        "precision": 0.8103302286198137,
        "recall": 0.9382352941176471,
        "f1-score": 0.8696047251249431,
        "support": 1020.0
    },
    "1": {
        "precision": 0.5401459854014599,
        "recall": 0.2483221476510067,
        "f1-score": 0.34022988505747126,
        "support": 298.0
    },
    "accuracy": 0.7822458270106222,
    "macro avg": {
        "precision": 0.6752381070106368,
        "recall": 0.5932787208843269,
        "f1-score": 0.6049173050912072,
        "support": 1318.0
    },
    "weighted avg": {
        "precision": 0.7492415302290175,
        "recall": 0.7822458270106222,
        "f1-score": 0.7499129934556665,
        "support": 1318.0
    }
}