{
    "accuracy": 0.9825493171471927,
    "precision": 0.9824561403508771,
    "recall": 0.9395973154362416,
    "f1_score": 0.9605488850771869
}