{
    "0": {
        "precision": 0.9695528068506185,
        "recall": 0.9990196078431373,
        "f1-score": 0.9840656687590537,
        "support": 1020.0
    },
    "1": {
        "precision": 0.9962546816479401,
        "recall": 0.8926174496644296,
        "f1-score": 0.9415929203539823,
        "support": 298.0
    },
    "accuracy": 0.9749620637329287,
    "macro avg": {
        "precision": 0.9829037442492793,
        "recall": 0.9458185287537835,
        "f1-score": 0.962829294556518,
        "support": 1318.0
    },
    "weighted avg": {
        "precision": 0.9755901047941706,
        "recall": 0.9749620637329287,
        "f1-score": 0.974462573899637,
        "support": 1318.0
    }
}