{
    "0": {
        "precision": 0.9740384615384615,
        "recall": 0.9931372549019608,
        "f1-score": 0.983495145631068,
        "support": 1020.0
    },
    "1": {
        "precision": 0.9748201438848921,
        "recall": 0.9093959731543624,
        "f1-score": 0.9409722222222221,
        "support": 298.0
    },
    "accuracy": 0.9742033383915023,
    "macro avg": {
        "precision": 0.9744293027116768,
        "recall": 0.9512666140281616,
        "f1-score": 0.962233683926645,
        "support": 1318.0
    },
    "weighted avg": {
        "precision": 0.9742152000356059,
        "recall": 0.9742033383915023,
        "f1-score": 0.973880706195684,
        "support": 1318.0
    }
}