{
    "0": {
        "precision": 0.9712643678160919,
        "recall": 0.9941176470588236,
        "f1-score": 0.9825581395348837,
        "support": 1020.0
    },
    "1": {
        "precision": 0.9781021897810219,
        "recall": 0.8993288590604027,
        "f1-score": 0.937062937062937,
        "support": 298.0
    },
    "accuracy": 0.9726858877086495,
    "macro avg": {
        "precision": 0.9746832787985569,
        "recall": 0.9467232530596131,
        "f1-score": 0.9598105382989104,
        "support": 1318.0
    },
    "weighted avg": {
        "precision": 0.9728104003999684,
        "recall": 0.9726858877086495,
        "f1-score": 0.9722716673523039,
        "support": 1318.0
    }
}