{
    "0": {
        "precision": 0.9779005524861878,
        "recall": 0.993397160779135,
        "f1-score": 0.9855879462823453,
        "support": 3029.0
    },
    "1": {
        "precision": 0.9742599742599742,
        "recall": 0.9175757575757576,
        "f1-score": 0.9450686641697877,
        "support": 825.0
    },
    "accuracy": 0.9771665801764401,
    "macro avg": {
        "precision": 0.976080263373081,
        "recall": 0.9554864591774463,
        "f1-score": 0.9653283052260665,
        "support": 3854.0
    },
    "weighted avg": {
        "precision": 0.977121238257691,
        "recall": 0.9771665801764401,
        "f1-score": 0.9769142546002332,
        "support": 3854.0
    }
}