{
   "0": {
      "precision": 0.8363421130511985,
      "recall": 0.9329811819082205,
      "f1-score": 0.8820224719101124,
      "support": 3029.0
   },
   "1": {
      "precision": 0.5726315789473684,
      "recall": 0.3296969696969697,
      "f1-score": 0.41846153846153844,
      "support": 825.0
   },
   "accuracy": 0.8038401660612351,
   "macro avg": {
      "precision": 0.7044868459992835,
      "recall": 0.6313390758025952,
      "f1-score": 0.6502420051858254,
      "support": 3854.0
   },
   "weighted avg": {
      "precision": 0.7798913630159987,
      "recall": 0.8038401660612351,
      "f1-score": 0.7827910837173067,
      "support": 3854.0
   }
}