{
   "0": {
      "precision": 0.834661942722173,
      "recall": 0.9333113238692637,
      "f1-score": 0.8812344139650873,
      "support": 3029.0
   },
   "1": {
      "precision": 0.5674518201284796,
      "recall": 0.3212121212121212,
      "f1-score": 0.4102167182662539,
      "support": 825.0
   },
   "accuracy": 0.802283341982356,
   "macro avg": {
      "precision": 0.7010568814253263,
      "recall": 0.6272617225406925,
      "f1-score": 0.6457255661156706,
      "support": 3854.0
   },
   "weighted avg": {
      "precision": 0.777462059188235,
      "recall": 0.802283341982356,
      "f1-score": 0.7804068065568004,
      "support": 3854.0
   }
}