{
    "0": {
        "precision": 0.9814332247557003,
        "recall": 0.994717728623308,
        "f1-score": 0.9880308247253647,
        "support": 3029.0
    },
    "1": {
        "precision": 0.9795918367346939,
        "recall": 0.9309090909090909,
        "f1-score": 0.9546302050963331,
        "support": 825.0
    },
    "accuracy": 0.9810586403736378,
    "macro avg": {
        "precision": 0.9805125307451971,
        "recall": 0.9628134097661994,
        "f1-score": 0.9713305149108489,
        "support": 3854.0
    },
    "weighted avg": {
        "precision": 0.9810390511393716,
        "recall": 0.9810586403736378,
        "f1-score": 0.9808809775032705,
        "support": 3854.0
    }
}