{
    "accuracy": 0.9771665801764401,
    "precision": 0.9742599742599742,
    "recall": 0.9175757575757576,
    "f1_score": 0.9450686641697877
}