{
    "accuracy": 0.9810586403736378,
    "precision": 0.9795918367346939,
    "recall": 0.9309090909090909,
    "f1_score": 0.9546302050963331
}