{
    "accuracy": 0.802283341982356,
    "precision": 0.5674518201284796,
    "recall": 0.3212121212121212,
    "f1_score": 0.4102167182662539
}